group,BK_CASE_COUNT,BK_HOSPITALIZED_COUNT,BK_DEATH_COUNT,BK_CASE_RATE_ADJ,BK_HOSPITALIZED_RATE_ADJ,BK_DEATH_RATE_ADJ,BX_CASE_COUNT,BX_HOSPITALIZED_COUNT,BX_DEATH_COUNT,BX_CASE_RATE_ADJ,BX_HOSPITALIZED_RATE_ADJ,BX_DEATH_RATE_ADJ,MN_CASE_COUNT,MN_HOSPITALIZED_COUNT,MN_DEATH_COUNT,MN_CASE_RATE_ADJ,MN_HOSPITALIZED_RATE_ADJ,MN_DEATH_RATE_ADJ,QN_CASE_COUNT,QN_HOSPITALIZED_COUNT,QN_DEATH_COUNT,QN_CASE_RATE_ADJ,QN_HOSPITALIZED_RATE_ADJ,QN_DEATH_RATE_ADJ,SI_CASE_COUNT,SI_HOSPITALIZED_COUNT,SI_DEATH_COUNT,SI_CASE_RATE_ADJ,SI_HOSPITALIZED_RATE_ADJ,SI_DEATH_RATE_ADJ
Asian/Pacific-Islander,1532,643,282,460.38,201.14,95.01,782,270,86,1264.24,441.86,147.86,848,395,154,368.64,175.94,68.71,4606,2041,762,680.43,295.05,115.58,372,105,56,700.5,191.57,111.15
Black/African-American,11094,5413,2009,1281.85,596.73,219.44,9998,4066,1229,2239.84,903.9,280.18,3361,1809,549,1386.96,713.68,211.06,7338,3088,1009,1572.06,622.65,202.59,977,348,109,2163.61,804.37,283.34
Hispanic/Latino,4573,2324,1068,970.56,511.44,247.27,15468,5011,1739,1991.42,682.71,252.6,4754,2396,889,1023.92,500.97,181.56,10426,5067,1633,1642.97,823.1,283.77,1091,372,120,1378.03,525.89,196.91
White,10612,3946,1570,1054.99,370.86,141.28,3106,1102,416,1952.18,525.97,152.36,4899,1708,641,524.11,170.24,60.38,7710,3072,1290,1073.65,341.46,125.59,4966,1264,534,1531.58,317.61,124.24
